{"task": "T1", "metrics": {"top1": 0.7483443708609272, "top5": 0.9337748344370861, "macro_f1": 0.6770419426048564}}