{"task": "T1", "metrics": {"top1": 0.17880794701986755, "top5": 0.25165562913907286, "macro_f1": 0.09845120468416145}}