{"task": "T1", "metrics": {"top1": 0.7681159420289855, "top5": 0.927536231884058, "macro_f1": 0.6924882629107981}, "usage": {"prompt_tokens": 58995, "completion_tokens": 3674, "total_tokens": 62669, "input_images": 0}, "duration_ms": 272811}