{"task": "T1", "metrics": {"top1": 0.625, "top5": 0.7777777777777778, "macro_f1": 0.5197368421052632}, "usage": {"prompt_tokens": 61560, "completion_tokens": 3289, "total_tokens": 64849, "input_images": 0}, "duration_ms": 271697}