{"task": "T1", "metrics": {"top1": 0.8410596026490066, "top5": 0.8874172185430463, "macro_f1": 0.7947019867549668}}