{"task": "T1", "metrics": {"top1": 0.4142857142857143, "top5": 0.5714285714285714, "macro_f1": 0.5192307692307693}, "usage": {"prompt_tokens": 171500, "completion_tokens": 2633, "total_tokens": 174133, "input_images": 0}, "duration_ms": 272392}