{"task": "T1", "metrics": {"top1": 0.6225165562913907, "top5": 0.7880794701986755, "macro_f1": 0.5393333333333333}}