{"task": "T1", "metrics": {"top1": 0.16556291390728478, "top5": 0.2052980132450331, "macro_f1": 0.09637037037037036}, "usage": {"prompt_tokens": 354246, "completion_tokens": 4394, "total_tokens": 358640, "input_images": 0}, "duration_ms": 559873}