{"task": "T1", "metrics": {"top1": 0.6025641025641025, "top5": 0.6987179487179487, "macro_f1": 0.563963963963964}, "usage": {"prompt_tokens": 142584, "completion_tokens": 9292, "total_tokens": 151876, "input_images": 0}}