{"task": "T1", "metrics": {"top1": 0.44871794871794873, "top5": 0.5961538461538461, "macro_f1": 0.35991285403050105}, "usage": {"prompt_tokens": 142584, "completion_tokens": 7192, "total_tokens": 149776, "input_images": 0}}