{"task": "T1", "metrics": {"top1": 0.08974358974358974, "top5": 0.15384615384615385, "macro_f1": 0.058356067009913165}, "usage": {"prompt_tokens": 153660, "completion_tokens": 8588, "total_tokens": 162248, "input_images": 0}}