{"task": "T1", "metrics": {"top1": 0.6794871794871795, "top5": 0.8461538461538461, "macro_f1": 0.6006410256410256}, "usage": {"prompt_tokens": 1461564, "completion_tokens": 5580, "total_tokens": 1467144, "input_images": 0}}