{"task": "T1", "metrics": {"top1": 0.44871794871794873, "top5": 0.6410256410256411, "macro_f1": 0.3643162393162393}, "usage": {"prompt_tokens": 177060, "completion_tokens": 7211, "total_tokens": 184271, "input_images": 0}}