{"task": "T1", "metrics": {"top1": 0.6987179487179487, "top5": 0.7628205128205128, "macro_f1": 0.6179487179487179}, "usage": {"prompt_tokens": 167856, "completion_tokens": 3700, "total_tokens": 171556, "input_images": 0}}