{"task": "T1", "metrics": {"top1": 0.6153846153846154, "top5": 0.8076923076923077, "macro_f1": 0.5396103896103895}, "usage": {"prompt_tokens": 167856, "completion_tokens": 6663, "total_tokens": 174519, "input_images": 0}}