{"task": "T1", "metrics": {"top1": 0.08974358974358974, "top5": 0.08974358974358974, "macro_f1": 0.07809523809523809}, "usage": {"prompt_tokens": 769192, "completion_tokens": 5431, "total_tokens": 774623, "input_images": 0}}