{"task": "T1", "metrics": {"top1": 0.5833333333333334, "top5": 0.6987179487179487, "macro_f1": 0.507051282051282}, "usage": {"prompt_tokens": 142584, "completion_tokens": 8369, "total_tokens": 150953, "input_images": 0}}