{"task": "T1", "metrics": {"top1": 0.48717948717948717, "top5": 0.6410256410256411, "macro_f1": 0.41359890109890113}, "usage": {"prompt_tokens": 142584, "completion_tokens": 7012, "total_tokens": 149596, "input_images": 0}}