{"task": "T1", "metrics": {"top1": 0.16853932584269662, "top5": 0.2247191011235955, "macro_f1": 0.09696969696969697}, "usage": {"prompt_tokens": 57405, "completion_tokens": 5523, "total_tokens": 62928, "input_images": 0}}