{"task": "T1", "metrics": {"top1": 0.10112359550561797, "top5": 0.11235955056179775, "macro_f1": 0.07109874252731396}, "usage": {"prompt_tokens": 491658, "completion_tokens": 4011, "total_tokens": 495669, "input_images": 0}}