{"task": "T1", "metrics": {"top1": 0.14606741573033707, "top5": 0.21348314606741572, "macro_f1": 0.08498305689316925}, "usage": {"prompt_tokens": 186811, "completion_tokens": 3058, "total_tokens": 189869, "input_images": 0}}