{"task": "T1", "metrics": {"top1": 0.7878787878787878, "top5": 0.8787878787878788, "macro_f1": 0.7323232323232323}, "usage": {"prompt_tokens": 9900, "completion_tokens": 1860, "total_tokens": 11760, "input_images": 0}}