{"task": "T1", "metrics": {"top1": 0.09090909090909091, "top5": 0.15151515151515152, "macro_f1": 0.05339105339105339}, "usage": {"prompt_tokens": 9702, "completion_tokens": 1892, "total_tokens": 11594, "input_images": 0}}