{"task": "T1", "metrics": {"top1": 0.06060606060606061, "top5": 0.06060606060606061, "macro_f1": 0.009620009620009619}, "usage": {"prompt_tokens": 10362, "completion_tokens": 872, "total_tokens": 11234, "input_images": 0}}