{"task": "T1", "metrics": {"top1": 0.12121212121212122, "top5": 0.15151515151515152, "macro_f1": 0.04357864357864357}, "usage": {"prompt_tokens": 9645, "completion_tokens": 1507, "total_tokens": 11152, "input_images": 0}}