{"task": "T1", "metrics": {"top1": 0.07476635514018691, "top5": 0.12149532710280374, "macro_f1": 0.0454860127757324}, "usage": {"prompt_tokens": 69122, "completion_tokens": 4554, "total_tokens": 73676, "input_images": 0}}