{"task": "T1", "metrics": {"top1": 0.7476635514018691, "top5": 0.8878504672897196, "macro_f1": 0.6806853582554516}, "usage": {"prompt_tokens": 974877, "completion_tokens": 3581, "total_tokens": 978458, "input_images": 0}}