{"task": "T1", "metrics": {"top1": 0.5420560747663551, "top5": 0.7663551401869159, "macro_f1": 0.45002225189141076}, "usage": {"prompt_tokens": 94160, "completion_tokens": 4925, "total_tokens": 99085, "input_images": 0}}