{"task": "T1", "metrics": {"top1": 0.7102803738317757, "top5": 0.9158878504672897, "macro_f1": 0.6392523364485981}, "usage": {"prompt_tokens": 89452, "completion_tokens": 4382, "total_tokens": 93834, "input_images": 0}}