{"task": "T1", "metrics": {"top1": 0.1588785046728972, "top5": 0.1588785046728972, "macro_f1": 0.12028480291638188}, "usage": {"prompt_tokens": 426354, "completion_tokens": 4052, "total_tokens": 430406, "input_images": 0}}