{"task": "T1", "metrics": {"top1": 0.14018691588785046, "top5": 0.19626168224299065, "macro_f1": 0.0767342885515676}, "usage": {"prompt_tokens": 75328, "completion_tokens": 6522, "total_tokens": 81850, "input_images": 0}}