{"task": "T1", "metrics": {"top1": 0.102803738317757, "top5": 0.102803738317757, "macro_f1": 0.1018018018018018}, "usage": {"prompt_tokens": 74252, "completion_tokens": 7444, "total_tokens": 81696, "input_images": 0}}