{"task": "T1", "metrics": {"top1": 0.7037037037037037, "top5": 0.8592592592592593, "macro_f1": 0.6288888888888889}, "usage": {"prompt_tokens": 1244835, "completion_tokens": 4333, "total_tokens": 1249168, "input_images": 0}}