{"task": "T1", "metrics": {"top1": 0.1111111111111111, "top5": 0.14814814814814814, "macro_f1": 0.06552806517718797}, "usage": {"prompt_tokens": 102060, "completion_tokens": 4512, "total_tokens": 106572, "input_images": 0}}