{"task": "T1", "metrics": {"top1": 0.4666666666666667, "top5": 0.6148148148148148, "macro_f1": 0.3834636342099028}, "usage": {"prompt_tokens": 134460, "completion_tokens": 6005, "total_tokens": 140465, "input_images": 0}}