{"task": "T1", "metrics": {"top1": 0.7185185185185186, "top5": 0.7333333333333333, "macro_f1": 0.6518518518518519}, "usage": {"prompt_tokens": 128250, "completion_tokens": 3045, "total_tokens": 131295, "input_images": 0}}