{"task": "T1", "metrics": {"top1": 0.5851851851851851, "top5": 0.6962962962962963, "macro_f1": 0.5172932330827067}, "usage": {"prompt_tokens": 102735, "completion_tokens": 7218, "total_tokens": 109953, "input_images": 0}}