{"task": "T1", "metrics": {"top1": 0.6111111111111112, "top5": 0.75, "macro_f1": 0.5333333333333333}, "usage": {"prompt_tokens": 34704, "completion_tokens": 3278, "total_tokens": 37982, "input_images": 0}}