{"task": "T1", "metrics": {"top1": 0.7638888888888888, "top5": 0.8888888888888888, "macro_f1": 0.7162037037037037}, "usage": {"prompt_tokens": 644544, "completion_tokens": 2355, "total_tokens": 646899, "input_images": 0}}