{"task": "T1", "metrics": {"top1": 0.06299212598425197, "top5": 0.08661417322834646, "macro_f1": 0.03278702153181078}, "usage": {"prompt_tokens": 100890, "completion_tokens": 5625, "total_tokens": 106515, "input_images": 0}}