{"task": "T1", "metrics": {"top1": 0.09448818897637795, "top5": 0.11023622047244094, "macro_f1": 0.04757940336509319}, "usage": {"prompt_tokens": 291898, "completion_tokens": 4503, "total_tokens": 296401, "input_images": 0}}