{"task": "T1", "metrics": {"top1": 0.6614173228346457, "top5": 0.7165354330708661, "macro_f1": 0.6216802168021681}, "usage": {"prompt_tokens": 128703, "completion_tokens": 5004, "total_tokens": 133707, "input_images": 0}}