{"task": "T1", "metrics": {"top1": 0.18110236220472442, "top5": 0.3228346456692913, "macro_f1": 0.12447506561679789}, "usage": {"prompt_tokens": 129973, "completion_tokens": 5882, "total_tokens": 135855, "input_images": 0}}