{"task": "T1", "metrics": {"top1": 0.5354330708661418, "top5": 0.5511811023622047, "macro_f1": 0.45524934383202104}, "usage": {"prompt_tokens": 122353, "completion_tokens": 2873, "total_tokens": 125226, "input_images": 0}}